Project and phase,Projection date,Projected ETA
SAP Activate for Intelligent Enterprise – 1. Discover,2020-01-01,2020-01-31
SAP Activate for Intelligent Enterprise – 1. Discover,2020-01-15,2020-02-15
SAP Activate for Intelligent Enterprise – 1. Discover,2020-02-15,2020-02-15
SAP Activate for Intelligent Enterprise – 2. Prepare,2020-01-01,2020-03-31
SAP Activate for Intelligent Enterprise – 2. Prepare,2020-01-15,2020-04-15
SAP Activate for Intelligent Enterprise – 2. Prepare,2020-04-15,2020-04-15
SAP Activate for Intelligent Enterprise – 3. Explore,2020-01-01,2020-04-30
SAP Activate for Intelligent Enterprise – 3. Explore,2020-01-15,2020-05-15
SAP Activate for Intelligent Enterprise – 3. Explore,2020-03-31,2020-05-20
SAP Activate for Intelligent Enterprise – 3. Explore,2020-05-20,2020-05-20
SAP Activate for Intelligent Enterprise – 4. Realize,2020-01-01,2020-07-31
SAP Activate for Intelligent Enterprise – 4. Realize,2020-01-15,2020-08-15
SAP Activate for Intelligent Enterprise – 4. Realize,2020-03-31,2020-08-20
SAP Activate for Intelligent Enterprise – 4. Realize,2020-08-20,2020-08-20
SAP Activate for Intelligent Enterprise – 5. Deploy,2020-01-01,2020-09-30
SAP Activate for Intelligent Enterprise – 5. Deploy,2020-01-15,2020-10-15
SAP Activate for Intelligent Enterprise – 5. Deploy,2020-03-31,2020-10-20
SAP Activate for Intelligent Enterprise – 5. Deploy,2020-06-30,2020-10-31
SAP Activate for Intelligent Enterprise – 5. Deploy,2020-09-15,2020-11-15
SAP Activate for Intelligent Enterprise – 5. Deploy,2020-11-15,2020-11-15
SAP Activate for SuccessFactors – 1. Discover,2020-01-01,2020-01-31
SAP Activate for SuccessFactors – 1. Discover,2020-01-31,2020-01-31
SAP Activate for SuccessFactors – 2. Prepare,2020-01-01,2020-03-31
SAP Activate for SuccessFactors – 2. Prepare,2020-01-15,2020-04-15
SAP Activate for SuccessFactors – 2. Prepare,2020-02-15,2020-04-30
SAP Activate for SuccessFactors – 2. Prepare,2020-04-30,2020-04-30
SAP Activate for SuccessFactors – 3. Explore,2020-01-01,2020-04-30
SAP Activate for SuccessFactors – 3. Explore,2020-01-15,2020-05-15
SAP Activate for SuccessFactors – 3. Explore,2020-03-31,2020-05-10
SAP Activate for SuccessFactors – 3. Explore,2020-05-10,2020-05-10
SAP Activate for SuccessFactors – 4. Realize,2020-01-01,2020-07-31
SAP Activate for SuccessFactors – 4. Realize,2020-01-15,2020-08-15
SAP Activate for SuccessFactors – 4. Realize,2020-03-31,2020-08-10
SAP Activate for SuccessFactors – 4. Realize,2020-06-30,2020-08-31
SAP Activate for SuccessFactors – 4. Realize,2020-08-31,2020-08-31
SAP Activate for SuccessFactors – 5. Deploy,2020-01-01,2020-09-30
SAP Activate for SuccessFactors – 5. Deploy,2020-01-15,2020-10-15
SAP Activate for SuccessFactors – 5. Deploy,2020-03-31,2020-10-10
SAP Activate for SuccessFactors – 5. Deploy,2020-10-10,2020-10-10
